event_id,level,confidence,vessel_name,mmsi,imo,categories,infrastructure_type,infrastructure_name,minimum_distance_nm,latest_distance_nm,dwell_minutes,close_band_entries,signals,assessment
VWI-273253530-pipelines.3423,elevated,low_medium,RATNIK,273253530,9943011,russian_mmsi,pipeline,NORD STREAM 1,0.042,5.58,0.0,2,"critical_infrastructure_proximity,repeated_entries_into_close_band,voi_or_watchlist_context,timestamp_quality_limited","Behaviour warrants analyst review. Proximity and movement patterns alone do not indicate hostile intent, attribution or unlawful activity."
VWI-667002310-pipelines.3424,elevated,low_medium,TEMPEST DREAM,667002310,9308132,"sanctions_shadowfleet,watchlist",pipeline,NORD STREAM 2,0.077,27.199,0.0,1,"critical_infrastructure_proximity,low_speed_near_infrastructure,voi_or_watchlist_context,timestamp_quality_limited","Behaviour warrants analyst review. Proximity and movement patterns alone do not indicate hostile intent, attribution or unlawful activity."
VWI-273437550-pcablesnve.28,elevated,medium,VITYAZ,273437550,8606654,"recent_russian_portcall_10d,russian_mmsi",power_cable,pcablesnve.28,0.119,342.125,0.0,1,"critical_infrastructure_proximity,low_speed_near_infrastructure,voi_or_watchlist_context","Behaviour warrants analyst review. Proximity and movement patterns alone do not indicate hostile intent, attribution or unlawful activity."
VWI-273437550-pcablesnve.29,elevated,medium,VITYAZ,273437550,8606654,"recent_russian_portcall_10d,russian_mmsi",power_cable,pcablesnve.29,0.119,342.125,0.0,1,"critical_infrastructure_proximity,low_speed_near_infrastructure,voi_or_watchlist_context","Behaviour warrants analyst review. Proximity and movement patterns alone do not indicate hostile intent, attribution or unlawful activity."
VWI-259027310-pcablesnve.503,elevated,medium,AURORA,259027310,,recent_russian_portcall_10d,power_cable,pcablesnve.503,0.13,0.133,0.0,1,"critical_infrastructure_proximity,low_speed_near_infrastructure,voi_or_watchlist_context","Behaviour warrants analyst review. Proximity and movement patterns alone do not indicate hostile intent, attribution or unlawful activity."
VWI-230931000-pipelines.3716,elevated,low_medium,AJAX,230931000,5400267,recent_russian_portcall_10d,pipeline,pipelines.3716,0.198,0.198,0.0,1,"critical_infrastructure_proximity,low_speed_near_infrastructure,voi_or_watchlist_context,timestamp_quality_limited","Behaviour warrants analyst review. Proximity and movement patterns alone do not indicate hostile intent, attribution or unlawful activity."
VWI-230931000-pipelines.3715,elevated,low_medium,AJAX,230931000,5400267,recent_russian_portcall_10d,pipeline,pipelines.3715,0.202,0.202,0.0,1,"critical_infrastructure_proximity,low_speed_near_infrastructure,voi_or_watchlist_context,timestamp_quality_limited","Behaviour warrants analyst review. Proximity and movement patterns alone do not indicate hostile intent, attribution or unlawful activity."
VWI-631010110-pipelines.3424,elevated,low_medium,CINDY,631010110,9270517,"sanctions_shadowfleet,watchlist",pipeline,NORD STREAM 2,0.213,17.757,0.0,1,"critical_infrastructure_proximity,low_speed_near_infrastructure,voi_or_watchlist_context,timestamp_quality_limited","Behaviour warrants analyst review. Proximity and movement patterns alone do not indicate hostile intent, attribution or unlawful activity."
VWI-259027310-pcablesnve.501,elevated,medium,AURORA,259027310,,recent_russian_portcall_10d,power_cable,pcablesnve.501,0.239,0.239,0.0,1,"critical_infrastructure_proximity,low_speed_near_infrastructure,voi_or_watchlist_context","Behaviour warrants analyst review. Proximity and movement patterns alone do not indicate hostile intent, attribution or unlawful activity."
VWI-273213010-pcablesnve.23,elevated,low_medium,OBELIAI,273213010,8522286,russian_mmsi,power_cable,pcablesnve.23,0.239,263.202,0.0,1,"critical_infrastructure_proximity,low_speed_near_infrastructure,voi_or_watchlist_context","Behaviour warrants analyst review. Proximity and movement patterns alone do not indicate hostile intent, attribution or unlawful activity."
VWI-273618550-pipelines.3424,elevated,low_medium,VITYAZ,273618550,9879557,russian_mmsi,pipeline,NORD STREAM 2,0.365,0.366,0.0,2,"critical_infrastructure_proximity,low_speed_near_infrastructure,repeated_entries_into_close_band,voi_or_watchlist_context,timestamp_quality_limited","Behaviour warrants analyst review. Proximity and movement patterns alone do not indicate hostile intent, attribution or unlawful activity."
VWI-257107000-pipelines.501,review,medium,AJAX,257107000,9210983,recent_russian_portcall_10d,pipeline,Vestprosess,0.27,0.27,0.0,1,"critical_infrastructure_proximity,low_speed_near_infrastructure,voi_or_watchlist_context","Behaviour warrants analyst review. Proximity and movement patterns alone do not indicate hostile intent, attribution or unlawful activity."
VWI-259027310-pcablesnve.264,review,medium,AURORA,259027310,,recent_russian_portcall_10d,power_cable,pcablesnve.264,0.31,0.31,0.0,1,"critical_infrastructure_proximity,low_speed_near_infrastructure,voi_or_watchlist_context","Behaviour warrants analyst review. Proximity and movement patterns alone do not indicate hostile intent, attribution or unlawful activity."
VWI-230931000-pipelines.3658,review,low_medium,AJAX,230931000,5400267,recent_russian_portcall_10d,pipeline,pipelines.3658,0.31,0.31,0.0,1,"critical_infrastructure_proximity,low_speed_near_infrastructure,voi_or_watchlist_context,timestamp_quality_limited","Behaviour warrants analyst review. Proximity and movement patterns alone do not indicate hostile intent, attribution or unlawful activity."
VWI-257107000-pcablesnve.150,review,medium,AJAX,257107000,9210983,recent_russian_portcall_10d,power_cable,pcablesnve.150,0.368,0.373,0.0,1,"critical_infrastructure_proximity,low_speed_near_infrastructure,voi_or_watchlist_context","Behaviour warrants analyst review. Proximity and movement patterns alone do not indicate hostile intent, attribution or unlawful activity."
VWI-257107000-pipelines.541,review,medium,AJAX,257107000,9210983,recent_russian_portcall_10d,pipeline,Vestprosess,0.377,0.379,0.0,1,"critical_infrastructure_proximity,low_speed_near_infrastructure,voi_or_watchlist_context","Behaviour warrants analyst review. Proximity and movement patterns alone do not indicate hostile intent, attribution or unlawful activity."
VWI-273299870-pipelines.3424,review,low_medium,BOGATYR,273299870,9841055,russian_mmsi,pipeline,NORD STREAM 2,0.383,0.384,0.0,1,"critical_infrastructure_proximity,low_speed_near_infrastructure,voi_or_watchlist_context,timestamp_quality_limited","Behaviour warrants analyst review. Proximity and movement patterns alone do not indicate hostile intent, attribution or unlawful activity."
VWI-230047000-pipelines.3472,review,low_medium,AJAX,230047000,9974864,recent_russian_portcall_10d,pipeline,pipelines.3472,0.436,24.71,0.0,1,"critical_infrastructure_proximity,low_speed_near_infrastructure,voi_or_watchlist_context,timestamp_quality_limited","Behaviour warrants analyst review. Proximity and movement patterns alone do not indicate hostile intent, attribution or unlawful activity."
VWI-230047000-pipelines.3609,review,low_medium,AJAX,230047000,9974864,recent_russian_portcall_10d,pipeline,pipelines.3609,0.436,24.286,0.0,1,"critical_infrastructure_proximity,low_speed_near_infrastructure,voi_or_watchlist_context,timestamp_quality_limited","Behaviour warrants analyst review. Proximity and movement patterns alone do not indicate hostile intent, attribution or unlawful activity."
VWI-230047000-pipelines.3481,review,low_medium,AJAX,230047000,9974864,recent_russian_portcall_10d,pipeline,pipelines.3481,0.458,25.063,0.0,1,"critical_infrastructure_proximity,low_speed_near_infrastructure,voi_or_watchlist_context,timestamp_quality_limited","Behaviour warrants analyst review. Proximity and movement patterns alone do not indicate hostile intent, attribution or unlawful activity."
VWI-257727700-pcablesnve.792,review,medium,AURORA,257727700,,recent_russian_portcall_10d,power_cable,pcablesnve.792,0.482,0.482,0.0,1,"critical_infrastructure_proximity,low_speed_near_infrastructure,voi_or_watchlist_context","Behaviour warrants analyst review. Proximity and movement patterns alone do not indicate hostile intent, attribution or unlawful activity."
VWI-304408000-pipelines.3534,review,low_medium,LUCA,304408000,9286712,recent_russian_portcall_10d,pipeline,pipelines.3534,0.487,25.276,0.0,1,"critical_infrastructure_proximity,low_speed_near_infrastructure,voi_or_watchlist_context,timestamp_quality_limited","Behaviour warrants analyst review. Proximity and movement patterns alone do not indicate hostile intent, attribution or unlawful activity."
VWI-304408000-pipelines.3817,review,low_medium,LUCA,304408000,9286712,recent_russian_portcall_10d,pipeline,pipelines.3817,0.506,26.015,0.0,1,"critical_infrastructure_proximity,low_speed_near_infrastructure,voi_or_watchlist_context,timestamp_quality_limited","Behaviour warrants analyst review. Proximity and movement patterns alone do not indicate hostile intent, attribution or unlawful activity."
VWI-273457870-pcablesnve.734,review,low_medium,PROEKT,273457870,8520769,russian_mmsi,power_cable,pcablesnve.734,0.521,125.975,0.0,1,"critical_infrastructure_proximity,low_speed_near_infrastructure,voi_or_watchlist_context","Behaviour warrants analyst review. Proximity and movement patterns alone do not indicate hostile intent, attribution or unlawful activity."
VWI-273127020-pipelines.3424,review,low_medium,MALAKHIT,273127020,9299733,"russian_mmsi,sanctions_shadowfleet,watchlist",pipeline,NORD STREAM 2,0.526,41.965,0.0,1,"critical_infrastructure_proximity,low_speed_near_infrastructure,voi_or_watchlist_context,timestamp_quality_limited","Behaviour warrants analyst review. Proximity and movement patterns alone do not indicate hostile intent, attribution or unlawful activity."
VWI-668116291-pipelines.3424,review,low_medium,AURORA,668116291,9258351,recent_russian_portcall_10d,pipeline,NORD STREAM 2,0.543,0.67,0.0,1,"critical_infrastructure_proximity,low_speed_near_infrastructure,voi_or_watchlist_context,timestamp_quality_limited","Behaviour warrants analyst review. Proximity and movement patterns alone do not indicate hostile intent, attribution or unlawful activity."
VWI-273355780-pcablesnve.28,review,low_medium,FORPOST,273355780,9039767,russian_mmsi,power_cable,pcablesnve.28,0.66,204.411,0.0,1,"critical_infrastructure_proximity,low_speed_near_infrastructure,voi_or_watchlist_context","Behaviour warrants analyst review. Proximity and movement patterns alone do not indicate hostile intent, attribution or unlawful activity."
VWI-273355780-pcablesnve.29,review,low_medium,FORPOST,273355780,9039767,russian_mmsi,power_cable,pcablesnve.29,0.66,204.411,0.0,1,"critical_infrastructure_proximity,low_speed_near_infrastructure,voi_or_watchlist_context","Behaviour warrants analyst review. Proximity and movement patterns alone do not indicate hostile intent, attribution or unlawful activity."
VWI-304408000-pipelines.3546,review,low_medium,LUCA,304408000,9286712,recent_russian_portcall_10d,pipeline,pipelines.3546,0.697,26.037,0.0,1,"critical_infrastructure_proximity,low_speed_near_infrastructure,voi_or_watchlist_context,timestamp_quality_limited","Behaviour warrants analyst review. Proximity and movement patterns alone do not indicate hostile intent, attribution or unlawful activity."
VWI-667001624-pipelines.3424,review,low_medium,IZOLA,667001624,9249312,"sanctions_shadowfleet,watchlist",pipeline,NORD STREAM 2,0.713,26.417,0.0,1,"critical_infrastructure_proximity,low_speed_near_infrastructure,voi_or_watchlist_context,timestamp_quality_limited","Behaviour warrants analyst review. Proximity and movement patterns alone do not indicate hostile intent, attribution or unlawful activity."
